id_post,Fecha,Imagen,Ruta,URL_Publica
POST_98,2024-08-05,IMG_98.jpg,/Users/n.arcos89/Desktop/Bootcamp_Data/DIVA_DIGITAL_Proyecto Final/imagenes_descargadas/IMG_98.jpg,https://picsum.photos/400/300?random=98
POST_190,2024-08-08,IMG_190.jpg,/Users/n.arcos89/Desktop/Bootcamp_Data/DIVA_DIGITAL_Proyecto Final/imagenes_descargadas/IMG_190.jpg,https://picsum.photos/400/300?random=190
POST_38,2024-08-12,IMG_38.jpg,/Users/n.arcos89/Desktop/Bootcamp_Data/DIVA_DIGITAL_Proyecto Final/imagenes_descargadas/IMG_38.jpg,https://drive.google.com/uc?id=1QSaQC8B_36DMfWFdf1BZnNrqfT8F6dIc
POST_73,2024-08-14,IMG_73.jpg,/Users/n.arcos89/Desktop/Bootcamp_Data/DIVA_DIGITAL_Proyecto Final/imagenes_descargadas/IMG_73.jpg,https://picsum.photos/400/300?random=73
POST_44,2024-08-16,IMG_44.jpg,/Users/n.arcos89/Desktop/Bootcamp_Data/DIVA_DIGITAL_Proyecto Final/imagenes_descargadas/IMG_44.jpg,https://drive.google.com/uc?id=1Q-OJ-RFPS3zp8KeBdbn0TQOutNwT_wbg
POST_95,2024-08-19,IMG_95.jpg,/Users/n.arcos89/Desktop/Bootcamp_Data/DIVA_DIGITAL_Proyecto Final/imagenes_descargadas/IMG_95.jpg,https://picsum.photos/400/300?random=95
POST_42,2024-08-22,IMG_42.jpg,/Users/n.arcos89/Desktop/Bootcamp_Data/DIVA_DIGITAL_Proyecto Final/imagenes_descargadas/IMG_42.jpg,https://drive.google.com/uc?id=1FlXlyw614Jy2olArLic8k-7vRMlx2wks
POST_59,2024-08-24,IMG_59.jpg,/Users/n.arcos89/Desktop/Bootcamp_Data/DIVA_DIGITAL_Proyecto Final/imagenes_descargadas/IMG_59.jpg,https://picsum.photos/400/300?random=59
POST_112,2024-08-28,IMG_112.jpg,/Users/n.arcos89/Desktop/Bootcamp_Data/DIVA_DIGITAL_Proyecto Final/imagenes_descargadas/IMG_112.jpg,https://picsum.photos/400/300?random=112
POST_17,2024-08-30,IMG_17.jpg,/Users/n.arcos89/Desktop/Bootcamp_Data/DIVA_DIGITAL_Proyecto Final/imagenes_descargadas/IMG_17.jpg,https://drive.google.com/uc?id=1U0K1p4QNhOFJi1R5ZVfAi0KdEOv8hIqF
POST_168,2024-09-02,IMG_168.jpg,/Users/n.arcos89/Desktop/Bootcamp_Data/DIVA_DIGITAL_Proyecto Final/imagenes_descargadas/IMG_168.jpg,https://picsum.photos/400/300?random=168
POST_193,2024-09-04,IMG_193.jpg,/Users/n.arcos89/Desktop/Bootcamp_Data/DIVA_DIGITAL_Proyecto Final/imagenes_descargadas/IMG_193.jpg,https://picsum.photos/400/300?random=193
POST_122,2024-09-07,IMG_122.jpg,/Users/n.arcos89/Desktop/Bootcamp_Data/DIVA_DIGITAL_Proyecto Final/imagenes_descargadas/IMG_122.jpg,https://picsum.photos/400/300?random=122
POST_196,2024-09-09,IMG_196.jpg,/Users/n.arcos89/Desktop/Bootcamp_Data/DIVA_DIGITAL_Proyecto Final/imagenes_descargadas/IMG_196.jpg,https://picsum.photos/400/300?random=196
POST_90,2024-09-12,IMG_90.jpg,/Users/n.arcos89/Desktop/Bootcamp_Data/DIVA_DIGITAL_Proyecto Final/imagenes_descargadas/IMG_90.jpg,https://picsum.photos/400/300?random=90
POST_191,2024-09-15,IMG_191.jpg,/Users/n.arcos89/Desktop/Bootcamp_Data/DIVA_DIGITAL_Proyecto Final/imagenes_descargadas/IMG_191.jpg,https://picsum.photos/400/300?random=191
POST_133,2024-09-18,IMG_133.jpg,/Users/n.arcos89/Desktop/Bootcamp_Data/DIVA_DIGITAL_Proyecto Final/imagenes_descargadas/IMG_133.jpg,https://picsum.photos/400/300?random=133
POST_141,2024-09-20,IMG_141.jpg,/Users/n.arcos89/Desktop/Bootcamp_Data/DIVA_DIGITAL_Proyecto Final/imagenes_descargadas/IMG_141.jpg,https://picsum.photos/400/300?random=141
POST_115,2024-09-23,IMG_115.jpg,/Users/n.arcos89/Desktop/Bootcamp_Data/DIVA_DIGITAL_Proyecto Final/imagenes_descargadas/IMG_115.jpg,https://picsum.photos/400/300?random=115
POST_165,2024-09-27,IMG_165.jpg,/Users/n.arcos89/Desktop/Bootcamp_Data/DIVA_DIGITAL_Proyecto Final/imagenes_descargadas/IMG_165.jpg,https://picsum.photos/400/300?random=165
POST_171,2024-10-01,IMG_171.jpg,/Users/n.arcos89/Desktop/Bootcamp_Data/DIVA_DIGITAL_Proyecto Final/imagenes_descargadas/IMG_171.jpg,https://picsum.photos/400/300?random=171
POST_103,2024-10-05,IMG_103.jpg,/Users/n.arcos89/Desktop/Bootcamp_Data/DIVA_DIGITAL_Proyecto Final/imagenes_descargadas/IMG_103.jpg,https://picsum.photos/400/300?random=103
POST_175,2024-10-09,IMG_175.jpg,/Users/n.arcos89/Desktop/Bootcamp_Data/DIVA_DIGITAL_Proyecto Final/imagenes_descargadas/IMG_175.jpg,https://picsum.photos/400/300?random=175
POST_7,2024-10-13,IMG_7.jpg,/Users/n.arcos89/Desktop/Bootcamp_Data/DIVA_DIGITAL_Proyecto Final/imagenes_descargadas/IMG_7.jpg,https://drive.google.com/uc?id=1bw0wqHroH-3Wd1E4BNPJ2wA5h2E0ir8l
POST_5,2024-10-15,IMG_5.jpg,/Users/n.arcos89/Desktop/Bootcamp_Data/DIVA_DIGITAL_Proyecto Final/imagenes_descargadas/IMG_5.jpg,https://drive.google.com/uc?id=1WoO0mkxsQoN79OePYbSH7Gk3xvLiDtFl
POST_37,2024-10-18,IMG_37.jpg,/Users/n.arcos89/Desktop/Bootcamp_Data/DIVA_DIGITAL_Proyecto Final/imagenes_descargadas/IMG_37.jpg,https://drive.google.com/uc?id=1ILKxDlMKk2Zs-HbOcOULjeGblCXmM8rh
POST_187,2024-10-20,IMG_187.jpg,/Users/n.arcos89/Desktop/Bootcamp_Data/DIVA_DIGITAL_Proyecto Final/imagenes_descargadas/IMG_187.jpg,https://picsum.photos/400/300?random=187
POST_155,2024-10-23,IMG_155.jpg,/Users/n.arcos89/Desktop/Bootcamp_Data/DIVA_DIGITAL_Proyecto Final/imagenes_descargadas/IMG_155.jpg,https://picsum.photos/400/300?random=155
POST_72,2024-10-27,IMG_72.jpg,/Users/n.arcos89/Desktop/Bootcamp_Data/DIVA_DIGITAL_Proyecto Final/imagenes_descargadas/IMG_72.jpg,https://picsum.photos/400/300?random=72
POST_3,2024-10-29,IMG_3.jpg,/Users/n.arcos89/Desktop/Bootcamp_Data/DIVA_DIGITAL_Proyecto Final/imagenes_descargadas/IMG_3.jpg,https://drive.google.com/uc?id=1zoLZuzxdzkjUB9LYjbhx4oVzxz9jIjgc
POST_178,2024-11-02,IMG_178.jpg,/Users/n.arcos89/Desktop/Bootcamp_Data/DIVA_DIGITAL_Proyecto Final/imagenes_descargadas/IMG_178.jpg,https://picsum.photos/400/300?random=178
POST_148,2024-11-05,IMG_148.jpg,/Users/n.arcos89/Desktop/Bootcamp_Data/DIVA_DIGITAL_Proyecto Final/imagenes_descargadas/IMG_148.jpg,https://picsum.photos/400/300?random=148
POST_81,2024-11-08,IMG_81.jpg,/Users/n.arcos89/Desktop/Bootcamp_Data/DIVA_DIGITAL_Proyecto Final/imagenes_descargadas/IMG_81.jpg,https://picsum.photos/400/300?random=81
POST_66,2024-11-12,IMG_66.jpg,/Users/n.arcos89/Desktop/Bootcamp_Data/DIVA_DIGITAL_Proyecto Final/imagenes_descargadas/IMG_66.jpg,https://picsum.photos/400/300?random=66
POST_79,2024-11-14,IMG_79.jpg,/Users/n.arcos89/Desktop/Bootcamp_Data/DIVA_DIGITAL_Proyecto Final/imagenes_descargadas/IMG_79.jpg,https://picsum.photos/400/300?random=79
POST_34,2024-11-16,IMG_34.jpg,/Users/n.arcos89/Desktop/Bootcamp_Data/DIVA_DIGITAL_Proyecto Final/imagenes_descargadas/IMG_34.jpg,https://drive.google.com/uc?id=1secgoyS8GnvTEKFYxqElyTUx8Z3zt793
POST_135,2024-11-20,IMG_135.jpg,/Users/n.arcos89/Desktop/Bootcamp_Data/DIVA_DIGITAL_Proyecto Final/imagenes_descargadas/IMG_135.jpg,https://picsum.photos/400/300?random=135
POST_177,2024-11-23,IMG_177.jpg,/Users/n.arcos89/Desktop/Bootcamp_Data/DIVA_DIGITAL_Proyecto Final/imagenes_descargadas/IMG_177.jpg,https://picsum.photos/400/300?random=177
POST_25,2024-11-26,IMG_25.jpg,/Users/n.arcos89/Desktop/Bootcamp_Data/DIVA_DIGITAL_Proyecto Final/imagenes_descargadas/IMG_25.jpg,https://drive.google.com/uc?id=15YJ_5v8G8O3o3KvN1GJjKnEt3HV_G6jl
POST_108,2024-11-29,IMG_108.jpg,/Users/n.arcos89/Desktop/Bootcamp_Data/DIVA_DIGITAL_Proyecto Final/imagenes_descargadas/IMG_108.jpg,https://picsum.photos/400/300?random=108
POST_62,2024-12-02,IMG_62.jpg,/Users/n.arcos89/Desktop/Bootcamp_Data/DIVA_DIGITAL_Proyecto Final/imagenes_descargadas/IMG_62.jpg,https://picsum.photos/400/300?random=62
POST_161,2024-12-04,IMG_161.jpg,/Users/n.arcos89/Desktop/Bootcamp_Data/DIVA_DIGITAL_Proyecto Final/imagenes_descargadas/IMG_161.jpg,https://picsum.photos/400/300?random=161
POST_39,2024-12-06,IMG_39.jpg,/Users/n.arcos89/Desktop/Bootcamp_Data/DIVA_DIGITAL_Proyecto Final/imagenes_descargadas/IMG_39.jpg,https://drive.google.com/uc?id=17bgoZNPOz4PhSC4I90orCPCLbwrWB9ZU
POST_19,2024-12-08,IMG_19.jpg,/Users/n.arcos89/Desktop/Bootcamp_Data/DIVA_DIGITAL_Proyecto Final/imagenes_descargadas/IMG_19.jpg,https://drive.google.com/uc?id=1dTEtl4JZ5PLf5U6y1dA5hEb8hnVnFd8C
POST_199,2024-12-12,IMG_199.jpg,/Users/n.arcos89/Desktop/Bootcamp_Data/DIVA_DIGITAL_Proyecto Final/imagenes_descargadas/IMG_199.jpg,https://picsum.photos/400/300?random=199
POST_12,2024-12-15,IMG_12.jpg,/Users/n.arcos89/Desktop/Bootcamp_Data/DIVA_DIGITAL_Proyecto Final/imagenes_descargadas/IMG_12.jpg,https://drive.google.com/uc?id=1ZzQqI6x2U7pKcI8J7sYvJ5B8XhEY5iR2
POST_78,2024-12-17,IMG_78.jpg,/Users/n.arcos89/Desktop/Bootcamp_Data/DIVA_DIGITAL_Proyecto Final/imagenes_descargadas/IMG_78.jpg,https://picsum.photos/400/300?random=78
POST_85,2024-12-19,IMG_85.jpg,/Users/n.arcos89/Desktop/Bootcamp_Data/DIVA_DIGITAL_Proyecto Final/imagenes_descargadas/IMG_85.jpg,https://picsum.photos/400/300?random=85
POST_55,2024-12-22,IMG_55.jpg,/Users/n.arcos89/Desktop/Bootcamp_Data/DIVA_DIGITAL_Proyecto Final/imagenes_descargadas/IMG_55.jpg,https://picsum.photos/400/300?random=55
POST_63,2024-12-25,IMG_63.jpg,/Users/n.arcos89/Desktop/Bootcamp_Data/DIVA_DIGITAL_Proyecto Final/imagenes_descargadas/IMG_63.jpg,https://picsum.photos/400/300?random=63
POST_143,2024-12-28,IMG_143.jpg,/Users/n.arcos89/Desktop/Bootcamp_Data/DIVA_DIGITAL_Proyecto Final/imagenes_descargadas/IMG_143.jpg,https://picsum.photos/400/300?random=143
POST_139,2024-12-30,IMG_139.jpg,/Users/n.arcos89/Desktop/Bootcamp_Data/DIVA_DIGITAL_Proyecto Final/imagenes_descargadas/IMG_139.jpg,https://picsum.photos/400/300?random=139
POST_121,2025-01-01,IMG_121.jpg,/Users/n.arcos89/Desktop/Bootcamp_Data/DIVA_DIGITAL_Proyecto Final/imagenes_descargadas/IMG_121.jpg,https://picsum.photos/400/300?random=121
POST_142,2025-01-03,IMG_142.jpg,/Users/n.arcos89/Desktop/Bootcamp_Data/DIVA_DIGITAL_Proyecto Final/imagenes_descargadas/IMG_142.jpg,https://picsum.photos/400/300?random=142
POST_118,2025-01-05,IMG_118.jpg,/Users/n.arcos89/Desktop/Bootcamp_Data/DIVA_DIGITAL_Proyecto Final/imagenes_descargadas/IMG_118.jpg,https://picsum.photos/400/300?random=118
POST_185,2025-01-08,IMG_185.jpg,/Users/n.arcos89/Desktop/Bootcamp_Data/DIVA_DIGITAL_Proyecto Final/imagenes_descargadas/IMG_185.jpg,https://picsum.photos/400/300?random=185
POST_127,2025-01-12,IMG_127.jpg,/Users/n.arcos89/Desktop/Bootcamp_Data/DIVA_DIGITAL_Proyecto Final/imagenes_descargadas/IMG_127.jpg,https://picsum.photos/400/300?random=127
POST_47,2025-01-14,IMG_47.jpg,/Users/n.arcos89/Desktop/Bootcamp_Data/DIVA_DIGITAL_Proyecto Final/imagenes_descargadas/IMG_47.jpg,https://drive.google.com/uc?id=1tKGN2i-U_vT0ctKY_42KELpia-ApmHAC
POST_36,2025-01-18,IMG_36.jpg,/Users/n.arcos89/Desktop/Bootcamp_Data/DIVA_DIGITAL_Proyecto Final/imagenes_descargadas/IMG_36.jpg,https://drive.google.com/uc?id=1ZfMYFj_9-Me6SeJGrx9czpNOfMF0U7iY
POST_123,2025-01-20,IMG_123.jpg,/Users/n.arcos89/Desktop/Bootcamp_Data/DIVA_DIGITAL_Proyecto Final/imagenes_descargadas/IMG_123.jpg,https://picsum.photos/400/300?random=123
POST_113,2025-01-23,IMG_113.jpg,/Users/n.arcos89/Desktop/Bootcamp_Data/DIVA_DIGITAL_Proyecto Final/imagenes_descargadas/IMG_113.jpg,https://picsum.photos/400/300?random=113
POST_157,2025-01-25,IMG_157.jpg,/Users/n.arcos89/Desktop/Bootcamp_Data/DIVA_DIGITAL_Proyecto Final/imagenes_descargadas/IMG_157.jpg,https://picsum.photos/400/300?random=157
POST_174,2025-01-27,IMG_174.jpg,/Users/n.arcos89/Desktop/Bootcamp_Data/DIVA_DIGITAL_Proyecto Final/imagenes_descargadas/IMG_174.jpg,https://picsum.photos/400/300?random=174
POST_22,2025-01-31,IMG_22.jpg,/Users/n.arcos89/Desktop/Bootcamp_Data/DIVA_DIGITAL_Proyecto Final/imagenes_descargadas/IMG_22.jpg,https://drive.google.com/uc?id=1ej0ZB5pYpB5QG9e5o5Y3W2vOVhWsI1vZ
POST_136,2025-02-02,IMG_136.jpg,/Users/n.arcos89/Desktop/Bootcamp_Data/DIVA_DIGITAL_Proyecto Final/imagenes_descargadas/IMG_136.jpg,https://picsum.photos/400/300?random=136
POST_147,2025-02-04,IMG_147.jpg,/Users/n.arcos89/Desktop/Bootcamp_Data/DIVA_DIGITAL_Proyecto Final/imagenes_descargadas/IMG_147.jpg,https://picsum.photos/400/300?random=147
POST_11,2025-02-08,IMG_11.jpg,/Users/n.arcos89/Desktop/Bootcamp_Data/DIVA_DIGITAL_Proyecto Final/imagenes_descargadas/IMG_11.jpg,https://drive.google.com/uc?id=1r8B5ZM7P3rGfHxB1W8I2uQK3MJZX7CnI
POST_69,2025-02-12,IMG_69.jpg,/Users/n.arcos89/Desktop/Bootcamp_Data/DIVA_DIGITAL_Proyecto Final/imagenes_descargadas/IMG_69.jpg,https://picsum.photos/400/300?random=69
POST_64,2025-02-16,IMG_64.jpg,/Users/n.arcos89/Desktop/Bootcamp_Data/DIVA_DIGITAL_Proyecto Final/imagenes_descargadas/IMG_64.jpg,https://picsum.photos/400/300?random=64
POST_31,2025-02-18,IMG_31.jpg,/Users/n.arcos89/Desktop/Bootcamp_Data/DIVA_DIGITAL_Proyecto Final/imagenes_descargadas/IMG_31.jpg,https://drive.google.com/uc?id=1DlKPlxhh0b6U7hgxEdX4VffkjxQ7U4G0
POST_87,2025-02-20,IMG_87.jpg,/Users/n.arcos89/Desktop/Bootcamp_Data/DIVA_DIGITAL_Proyecto Final/imagenes_descargadas/IMG_87.jpg,https://picsum.photos/400/300?random=87
POST_51,2025-02-21,IMG_51.jpg,/Users/n.arcos89/Desktop/Bootcamp_Data/DIVA_DIGITAL_Proyecto Final/imagenes_descargadas/IMG_51.jpg,https://picsum.photos/400/300?random=51
POST_144,2025-02-24,IMG_144.jpg,/Users/n.arcos89/Desktop/Bootcamp_Data/DIVA_DIGITAL_Proyecto Final/imagenes_descargadas/IMG_144.jpg,https://picsum.photos/400/300?random=144
POST_49,2025-02-24,IMG_49.jpg,/Users/n.arcos89/Desktop/Bootcamp_Data/DIVA_DIGITAL_Proyecto Final/imagenes_descargadas/IMG_49.jpg,https://drive.google.com/uc?id=1g4odZQ_Ll-ZLaMZA_yej76xACk7kDnWH
POST_43,2025-02-26,IMG_43.jpg,/Users/n.arcos89/Desktop/Bootcamp_Data/DIVA_DIGITAL_Proyecto Final/imagenes_descargadas/IMG_43.jpg,https://drive.google.com/uc?id=1TNbxBkKSDUrOmLBZOL-yVCb0HirpF4x8
POST_156,2025-02-26,IMG_156.jpg,/Users/n.arcos89/Desktop/Bootcamp_Data/DIVA_DIGITAL_Proyecto Final/imagenes_descargadas/IMG_156.jpg,https://picsum.photos/400/300?random=156
POST_61,2025-03-01,IMG_61.jpg,/Users/n.arcos89/Desktop/Bootcamp_Data/DIVA_DIGITAL_Proyecto Final/imagenes_descargadas/IMG_61.jpg,https://picsum.photos/400/300?random=61
POST_197,2025-03-02,IMG_197.jpg,/Users/n.arcos89/Desktop/Bootcamp_Data/DIVA_DIGITAL_Proyecto Final/imagenes_descargadas/IMG_197.jpg,https://picsum.photos/400/300?random=197
POST_89,2025-03-02,IMG_89.jpg,/Users/n.arcos89/Desktop/Bootcamp_Data/DIVA_DIGITAL_Proyecto Final/imagenes_descargadas/IMG_89.jpg,https://picsum.photos/400/300?random=89
POST_101,2025-03-03,IMG_101.jpg,/Users/n.arcos89/Desktop/Bootcamp_Data/DIVA_DIGITAL_Proyecto Final/imagenes_descargadas/IMG_101.jpg,https://picsum.photos/400/300?random=101
POST_145,2025-03-04,IMG_145.jpg,/Users/n.arcos89/Desktop/Bootcamp_Data/DIVA_DIGITAL_Proyecto Final/imagenes_descargadas/IMG_145.jpg,https://picsum.photos/400/300?random=145
POST_170,2025-03-05,IMG_170.jpg,/Users/n.arcos89/Desktop/Bootcamp_Data/DIVA_DIGITAL_Proyecto Final/imagenes_descargadas/IMG_170.jpg,https://picsum.photos/400/300?random=170
POST_14,2025-03-07,IMG_14.jpg,/Users/n.arcos89/Desktop/Bootcamp_Data/DIVA_DIGITAL_Proyecto Final/imagenes_descargadas/IMG_14.jpg,https://drive.google.com/uc?id=1Ac9U5uF2Z3PLMK8h2SZV4v7o6e2dQjOF
POST_99,2025-03-08,IMG_99.jpg,/Users/n.arcos89/Desktop/Bootcamp_Data/DIVA_DIGITAL_Proyecto Final/imagenes_descargadas/IMG_99.jpg,https://picsum.photos/400/300?random=99
POST_114,2025-03-08,IMG_114.jpg,/Users/n.arcos89/Desktop/Bootcamp_Data/DIVA_DIGITAL_Proyecto Final/imagenes_descargadas/IMG_114.jpg,https://picsum.photos/400/300?random=114
POST_166,2025-03-09,IMG_166.jpg,/Users/n.arcos89/Desktop/Bootcamp_Data/DIVA_DIGITAL_Proyecto Final/imagenes_descargadas/IMG_166.jpg,https://picsum.photos/400/300?random=166
POST_53,2025-03-10,IMG_53.jpg,/Users/n.arcos89/Desktop/Bootcamp_Data/DIVA_DIGITAL_Proyecto Final/imagenes_descargadas/IMG_53.jpg,https://picsum.photos/400/300?random=53
POST_132,2025-03-12,IMG_132.jpg,/Users/n.arcos89/Desktop/Bootcamp_Data/DIVA_DIGITAL_Proyecto Final/imagenes_descargadas/IMG_132.jpg,https://picsum.photos/400/300?random=132
POST_97,2025-03-13,IMG_97.jpg,/Users/n.arcos89/Desktop/Bootcamp_Data/DIVA_DIGITAL_Proyecto Final/imagenes_descargadas/IMG_97.jpg,https://picsum.photos/400/300?random=97
POST_111,2025-03-14,IMG_111.jpg,/Users/n.arcos89/Desktop/Bootcamp_Data/DIVA_DIGITAL_Proyecto Final/imagenes_descargadas/IMG_111.jpg,https://picsum.photos/400/300?random=111
POST_109,2025-03-14,IMG_109.jpg,/Users/n.arcos89/Desktop/Bootcamp_Data/DIVA_DIGITAL_Proyecto Final/imagenes_descargadas/IMG_109.jpg,https://picsum.photos/400/300?random=109
POST_68,2025-03-15,IMG_68.jpg,/Users/n.arcos89/Desktop/Bootcamp_Data/DIVA_DIGITAL_Proyecto Final/imagenes_descargadas/IMG_68.jpg,https://picsum.photos/400/300?random=68
POST_91,2025-03-17,IMG_91.jpg,/Users/n.arcos89/Desktop/Bootcamp_Data/DIVA_DIGITAL_Proyecto Final/imagenes_descargadas/IMG_91.jpg,https://picsum.photos/400/300?random=91
POST_195,2025-03-18,IMG_195.jpg,/Users/n.arcos89/Desktop/Bootcamp_Data/DIVA_DIGITAL_Proyecto Final/imagenes_descargadas/IMG_195.jpg,https://picsum.photos/400/300?random=195
POST_41,2025-03-18,IMG_41.jpg,/Users/n.arcos89/Desktop/Bootcamp_Data/DIVA_DIGITAL_Proyecto Final/imagenes_descargadas/IMG_41.jpg,https://drive.google.com/uc?id=1LQA8ntWqbl_9S8307l_N_tCi0QZwutVF
POST_128,2025-03-20,IMG_128.jpg,/Users/n.arcos89/Desktop/Bootcamp_Data/DIVA_DIGITAL_Proyecto Final/imagenes_descargadas/IMG_128.jpg,https://picsum.photos/400/300?random=128
POST_180,2025-03-21,IMG_180.jpg,/Users/n.arcos89/Desktop/Bootcamp_Data/DIVA_DIGITAL_Proyecto Final/imagenes_descargadas/IMG_180.jpg,https://picsum.photos/400/300?random=180
POST_158,2025-03-22,IMG_158.jpg,/Users/n.arcos89/Desktop/Bootcamp_Data/DIVA_DIGITAL_Proyecto Final/imagenes_descargadas/IMG_158.jpg,https://picsum.photos/400/300?random=158
POST_102,2025-03-23,IMG_102.jpg,/Users/n.arcos89/Desktop/Bootcamp_Data/DIVA_DIGITAL_Proyecto Final/imagenes_descargadas/IMG_102.jpg,https://picsum.photos/400/300?random=102
POST_28,2025-03-23,IMG_28.jpg,/Users/n.arcos89/Desktop/Bootcamp_Data/DIVA_DIGITAL_Proyecto Final/imagenes_descargadas/IMG_28.jpg,https://drive.google.com/uc?id=1hKmGBvLce81DEpSNre_3K2EbMvBXdMJ9
POST_1,2025-03-25,IMG_1.jpg,/Users/n.arcos89/Desktop/Bootcamp_Data/DIVA_DIGITAL_Proyecto Final/imagenes_descargadas/IMG_1.jpg,https://drive.google.com/uc?id=145NoCNASpKY6vY8OCEpcCXSV0V3IO5D8
POST_173,2025-03-25,IMG_173.jpg,/Users/n.arcos89/Desktop/Bootcamp_Data/DIVA_DIGITAL_Proyecto Final/imagenes_descargadas/IMG_173.jpg,https://picsum.photos/400/300?random=173
POST_54,2025-03-26,IMG_54.jpg,/Users/n.arcos89/Desktop/Bootcamp_Data/DIVA_DIGITAL_Proyecto Final/imagenes_descargadas/IMG_54.jpg,https://picsum.photos/400/300?random=54
POST_162,2025-03-28,IMG_162.jpg,/Users/n.arcos89/Desktop/Bootcamp_Data/DIVA_DIGITAL_Proyecto Final/imagenes_descargadas/IMG_162.jpg,https://picsum.photos/400/300?random=162
POST_35,2025-03-28,IMG_35.jpg,/Users/n.arcos89/Desktop/Bootcamp_Data/DIVA_DIGITAL_Proyecto Final/imagenes_descargadas/IMG_35.jpg,https://drive.google.com/uc?id=1uZY_NYtPga8Oq3_y4xARYGqFjoYmrb8L
POST_182,2025-03-29,IMG_182.jpg,/Users/n.arcos89/Desktop/Bootcamp_Data/DIVA_DIGITAL_Proyecto Final/imagenes_descargadas/IMG_182.jpg,https://picsum.photos/400/300?random=182
POST_104,2025-03-31,IMG_104.jpg,/Users/n.arcos89/Desktop/Bootcamp_Data/DIVA_DIGITAL_Proyecto Final/imagenes_descargadas/IMG_104.jpg,https://picsum.photos/400/300?random=104
POST_129,2025-04-01,IMG_129.jpg,/Users/n.arcos89/Desktop/Bootcamp_Data/DIVA_DIGITAL_Proyecto Final/imagenes_descargadas/IMG_129.jpg,https://picsum.photos/400/300?random=129
POST_159,2025-04-01,IMG_159.jpg,/Users/n.arcos89/Desktop/Bootcamp_Data/DIVA_DIGITAL_Proyecto Final/imagenes_descargadas/IMG_159.jpg,https://picsum.photos/400/300?random=159
POST_172,2025-04-03,IMG_172.jpg,/Users/n.arcos89/Desktop/Bootcamp_Data/DIVA_DIGITAL_Proyecto Final/imagenes_descargadas/IMG_172.jpg,https://picsum.photos/400/300?random=172
POST_48,2025-04-04,IMG_48.jpg,/Users/n.arcos89/Desktop/Bootcamp_Data/DIVA_DIGITAL_Proyecto Final/imagenes_descargadas/IMG_48.jpg,https://drive.google.com/uc?id=1z81CvCr3FpyAkRP9xoX1hNEGdejsINrN
POST_181,2025-04-04,IMG_181.jpg,/Users/n.arcos89/Desktop/Bootcamp_Data/DIVA_DIGITAL_Proyecto Final/imagenes_descargadas/IMG_181.jpg,https://picsum.photos/400/300?random=181
POST_146,2025-04-05,IMG_146.jpg,/Users/n.arcos89/Desktop/Bootcamp_Data/DIVA_DIGITAL_Proyecto Final/imagenes_descargadas/IMG_146.jpg,https://picsum.photos/400/300?random=146
POST_198,2025-04-07,IMG_198.jpg,/Users/n.arcos89/Desktop/Bootcamp_Data/DIVA_DIGITAL_Proyecto Final/imagenes_descargadas/IMG_198.jpg,https://picsum.photos/400/300?random=198
POST_60,2025-04-07,IMG_60.jpg,/Users/n.arcos89/Desktop/Bootcamp_Data/DIVA_DIGITAL_Proyecto Final/imagenes_descargadas/IMG_60.jpg,https://picsum.photos/400/300?random=60
POST_183,2025-04-08,IMG_183.jpg,/Users/n.arcos89/Desktop/Bootcamp_Data/DIVA_DIGITAL_Proyecto Final/imagenes_descargadas/IMG_183.jpg,https://picsum.photos/400/300?random=183
POST_124,2025-04-09,IMG_124.jpg,/Users/n.arcos89/Desktop/Bootcamp_Data/DIVA_DIGITAL_Proyecto Final/imagenes_descargadas/IMG_124.jpg,https://picsum.photos/400/300?random=124
POST_200,2025-04-10,IMG_200.jpg,/Users/n.arcos89/Desktop/Bootcamp_Data/DIVA_DIGITAL_Proyecto Final/imagenes_descargadas/IMG_200.jpg,https://picsum.photos/400/300?random=200
POST_94,2025-04-10,IMG_94.jpg,/Users/n.arcos89/Desktop/Bootcamp_Data/DIVA_DIGITAL_Proyecto Final/imagenes_descargadas/IMG_94.jpg,https://picsum.photos/400/300?random=94
POST_138,2025-04-12,IMG_138.jpg,/Users/n.arcos89/Desktop/Bootcamp_Data/DIVA_DIGITAL_Proyecto Final/imagenes_descargadas/IMG_138.jpg,https://picsum.photos/400/300?random=138
POST_176,2025-04-12,IMG_176.jpg,/Users/n.arcos89/Desktop/Bootcamp_Data/DIVA_DIGITAL_Proyecto Final/imagenes_descargadas/IMG_176.jpg,https://picsum.photos/400/300?random=176
POST_45,2025-04-13,IMG_45.jpg,/Users/n.arcos89/Desktop/Bootcamp_Data/DIVA_DIGITAL_Proyecto Final/imagenes_descargadas/IMG_45.jpg,https://drive.google.com/uc?id=19jYbSztIeY6WBGMiyacyJd9e6kK1gddt
POST_105,2025-04-14,IMG_105.jpg,/Users/n.arcos89/Desktop/Bootcamp_Data/DIVA_DIGITAL_Proyecto Final/imagenes_descargadas/IMG_105.jpg,https://picsum.photos/400/300?random=105
POST_30,2025-04-15,IMG_30.jpg,/Users/n.arcos89/Desktop/Bootcamp_Data/DIVA_DIGITAL_Proyecto Final/imagenes_descargadas/IMG_30.jpg,https://drive.google.com/uc?id=1qNVgYHhQyqf3E0qI62oP4Yll91WgeskU
POST_76,2025-04-17,IMG_76.jpg,/Users/n.arcos89/Desktop/Bootcamp_Data/DIVA_DIGITAL_Proyecto Final/imagenes_descargadas/IMG_76.jpg,https://picsum.photos/400/300?random=76
POST_20,2025-04-17,IMG_20.jpg,/Users/n.arcos89/Desktop/Bootcamp_Data/DIVA_DIGITAL_Proyecto Final/imagenes_descargadas/IMG_20.jpg,https://drive.google.com/uc?id=10FUNWc8W8eTjnGbwN0E2J7zqW4P5TfGy
POST_40,2025-04-17,IMG_40.jpg,/Users/n.arcos89/Desktop/Bootcamp_Data/DIVA_DIGITAL_Proyecto Final/imagenes_descargadas/IMG_40.jpg,https://drive.google.com/uc?id=1vWLsFA09eP6FOpb8xLR3lv0ejllcG1ZR
POST_27,2025-04-19,IMG_27.jpg,/Users/n.arcos89/Desktop/Bootcamp_Data/DIVA_DIGITAL_Proyecto Final/imagenes_descargadas/IMG_27.jpg,https://drive.google.com/uc?id=1dElDe7u2QVZpV1O4r8U1XPeWe3N2VVgd
POST_86,2025-04-19,IMG_86.jpg,/Users/n.arcos89/Desktop/Bootcamp_Data/DIVA_DIGITAL_Proyecto Final/imagenes_descargadas/IMG_86.jpg,https://picsum.photos/400/300?random=86
POST_160,2025-04-20,IMG_160.jpg,/Users/n.arcos89/Desktop/Bootcamp_Data/DIVA_DIGITAL_Proyecto Final/imagenes_descargadas/IMG_160.jpg,https://picsum.photos/400/300?random=160
POST_188,2025-04-22,IMG_188.jpg,/Users/n.arcos89/Desktop/Bootcamp_Data/DIVA_DIGITAL_Proyecto Final/imagenes_descargadas/IMG_188.jpg,https://picsum.photos/400/300?random=188
POST_71,2025-04-22,IMG_71.jpg,/Users/n.arcos89/Desktop/Bootcamp_Data/DIVA_DIGITAL_Proyecto Final/imagenes_descargadas/IMG_71.jpg,https://picsum.photos/400/300?random=71
POST_26,2025-04-23,IMG_26.jpg,/Users/n.arcos89/Desktop/Bootcamp_Data/DIVA_DIGITAL_Proyecto Final/imagenes_descargadas/IMG_26.jpg,https://drive.google.com/uc?id=1j8I7Lp3FQJUvpj8y7V0xZQJjd3DhwAGC
POST_134,2025-04-24,IMG_134.jpg,/Users/n.arcos89/Desktop/Bootcamp_Data/DIVA_DIGITAL_Proyecto Final/imagenes_descargadas/IMG_134.jpg,https://picsum.photos/400/300?random=134
POST_50,2025-04-25,IMG_50.jpg,/Users/n.arcos89/Desktop/Bootcamp_Data/DIVA_DIGITAL_Proyecto Final/imagenes_descargadas/IMG_50.jpg,https://drive.google.com/uc?id=1-BVjuRZiAhFN5IKH8Fkpi0AP5xmLVbzv
POST_4,2025-04-25,IMG_4.jpg,/Users/n.arcos89/Desktop/Bootcamp_Data/DIVA_DIGITAL_Proyecto Final/imagenes_descargadas/IMG_4.jpg,https://drive.google.com/uc?id=1bWQgvEoQ3VTvYP9Cc5PPY0PQBRlswKVi
POST_186,2025-04-27,IMG_186.jpg,/Users/n.arcos89/Desktop/Bootcamp_Data/DIVA_DIGITAL_Proyecto Final/imagenes_descargadas/IMG_186.jpg,https://picsum.photos/400/300?random=186
POST_10,2025-04-29,IMG_10.jpg,/Users/n.arcos89/Desktop/Bootcamp_Data/DIVA_DIGITAL_Proyecto Final/imagenes_descargadas/IMG_10.jpg,https://drive.google.com/uc?id=1PKZR6j7c9LnrQFh-o4v7BdPQWfKGXiQT
POST_67,2025-04-30,IMG_67.jpg,/Users/n.arcos89/Desktop/Bootcamp_Data/DIVA_DIGITAL_Proyecto Final/imagenes_descargadas/IMG_67.jpg,https://picsum.photos/400/300?random=67
POST_116,2025-05-03,IMG_116.jpg,/Users/n.arcos89/Desktop/Bootcamp_Data/DIVA_DIGITAL_Proyecto Final/imagenes_descargadas/IMG_116.jpg,https://picsum.photos/400/300?random=116
POST_154,2025-05-04,IMG_154.jpg,/Users/n.arcos89/Desktop/Bootcamp_Data/DIVA_DIGITAL_Proyecto Final/imagenes_descargadas/IMG_154.jpg,https://picsum.photos/400/300?random=154
POST_184,2025-05-05,IMG_184.jpg,/Users/n.arcos89/Desktop/Bootcamp_Data/DIVA_DIGITAL_Proyecto Final/imagenes_descargadas/IMG_184.jpg,https://picsum.photos/400/300?random=184
POST_126,2025-05-07,IMG_126.jpg,/Users/n.arcos89/Desktop/Bootcamp_Data/DIVA_DIGITAL_Proyecto Final/imagenes_descargadas/IMG_126.jpg,https://picsum.photos/400/300?random=126
POST_151,2025-05-09,IMG_151.jpg,/Users/n.arcos89/Desktop/Bootcamp_Data/DIVA_DIGITAL_Proyecto Final/imagenes_descargadas/IMG_151.jpg,https://picsum.photos/400/300?random=151
POST_92,2025-05-11,IMG_92.jpg,/Users/n.arcos89/Desktop/Bootcamp_Data/DIVA_DIGITAL_Proyecto Final/imagenes_descargadas/IMG_92.jpg,https://picsum.photos/400/300?random=92
POST_8,2025-05-13,IMG_8.jpg,/Users/n.arcos89/Desktop/Bootcamp_Data/DIVA_DIGITAL_Proyecto Final/imagenes_descargadas/IMG_8.jpg,https://drive.google.com/uc?id=1qbBwqHlSQvciM3_M25geK5zRaffRoNab
POST_119,2025-05-15,IMG_119.jpg,/Users/n.arcos89/Desktop/Bootcamp_Data/DIVA_DIGITAL_Proyecto Final/imagenes_descargadas/IMG_119.jpg,https://picsum.photos/400/300?random=119
POST_70,2025-05-17,IMG_70.jpg,/Users/n.arcos89/Desktop/Bootcamp_Data/DIVA_DIGITAL_Proyecto Final/imagenes_descargadas/IMG_70.jpg,https://picsum.photos/400/300?random=70
POST_83,2025-05-17,IMG_83.jpg,/Users/n.arcos89/Desktop/Bootcamp_Data/DIVA_DIGITAL_Proyecto Final/imagenes_descargadas/IMG_83.jpg,https://picsum.photos/400/300?random=83
POST_167,2025-05-19,IMG_167.jpg,/Users/n.arcos89/Desktop/Bootcamp_Data/DIVA_DIGITAL_Proyecto Final/imagenes_descargadas/IMG_167.jpg,https://picsum.photos/400/300?random=167
POST_77,2025-05-21,IMG_77.jpg,/Users/n.arcos89/Desktop/Bootcamp_Data/DIVA_DIGITAL_Proyecto Final/imagenes_descargadas/IMG_77.jpg,https://picsum.photos/400/300?random=77
POST_56,2025-05-21,IMG_56.jpg,/Users/n.arcos89/Desktop/Bootcamp_Data/DIVA_DIGITAL_Proyecto Final/imagenes_descargadas/IMG_56.jpg,https://picsum.photos/400/300?random=56
POST_2,2025-05-23,IMG_2.jpg,/Users/n.arcos89/Desktop/Bootcamp_Data/DIVA_DIGITAL_Proyecto Final/imagenes_descargadas/IMG_2.jpg,https://drive.google.com/uc?id=1id6FuKDn2XhIjMdw1GbLzDvfKgO1sxQk
POST_100,2025-05-24,IMG_100.jpg,/Users/n.arcos89/Desktop/Bootcamp_Data/DIVA_DIGITAL_Proyecto Final/imagenes_descargadas/IMG_100.jpg,https://picsum.photos/400/300?random=100
POST_137,2025-05-26,IMG_137.jpg,/Users/n.arcos89/Desktop/Bootcamp_Data/DIVA_DIGITAL_Proyecto Final/imagenes_descargadas/IMG_137.jpg,https://picsum.photos/400/300?random=137
POST_58,2025-05-28,IMG_58.jpg,/Users/n.arcos89/Desktop/Bootcamp_Data/DIVA_DIGITAL_Proyecto Final/imagenes_descargadas/IMG_58.jpg,https://picsum.photos/400/300?random=58
POST_110,2025-05-29,IMG_110.jpg,/Users/n.arcos89/Desktop/Bootcamp_Data/DIVA_DIGITAL_Proyecto Final/imagenes_descargadas/IMG_110.jpg,https://picsum.photos/400/300?random=110
POST_152,2025-05-31,IMG_152.jpg,/Users/n.arcos89/Desktop/Bootcamp_Data/DIVA_DIGITAL_Proyecto Final/imagenes_descargadas/IMG_152.jpg,https://picsum.photos/400/300?random=152
POST_23,2025-06-01,IMG_23.jpg,/Users/n.arcos89/Desktop/Bootcamp_Data/DIVA_DIGITAL_Proyecto Final/imagenes_descargadas/IMG_23.jpg,https://drive.google.com/uc?id=1NnU5h1YA5t1LJE8o4hNr7qbKL3bBWZ5g
POST_9,2025-06-03,IMG_9.jpg,/Users/n.arcos89/Desktop/Bootcamp_Data/DIVA_DIGITAL_Proyecto Final/imagenes_descargadas/IMG_9.jpg,https://drive.google.com/uc?id=1pkgTGKx4gfRb15KEJPTbwGvQSBiPSMXA
POST_140,2025-06-05,IMG_140.jpg,/Users/n.arcos89/Desktop/Bootcamp_Data/DIVA_DIGITAL_Proyecto Final/imagenes_descargadas/IMG_140.jpg,https://picsum.photos/400/300?random=140
POST_65,2025-06-07,IMG_65.jpg,/Users/n.arcos89/Desktop/Bootcamp_Data/DIVA_DIGITAL_Proyecto Final/imagenes_descargadas/IMG_65.jpg,https://picsum.photos/400/300?random=65
POST_131,2025-06-07,IMG_131.jpg,/Users/n.arcos89/Desktop/Bootcamp_Data/DIVA_DIGITAL_Proyecto Final/imagenes_descargadas/IMG_131.jpg,https://picsum.photos/400/300?random=131
POST_120,2025-06-09,IMG_120.jpg,/Users/n.arcos89/Desktop/Bootcamp_Data/DIVA_DIGITAL_Proyecto Final/imagenes_descargadas/IMG_120.jpg,https://picsum.photos/400/300?random=120
POST_13,2025-06-10,IMG_13.jpg,/Users/n.arcos89/Desktop/Bootcamp_Data/DIVA_DIGITAL_Proyecto Final/imagenes_descargadas/IMG_13.jpg,https://drive.google.com/uc?id=1tXpuOKtQl5f9Q8IjsY1Y4I4h6j8g1E4V
POST_192,2025-06-12,IMG_192.jpg,/Users/n.arcos89/Desktop/Bootcamp_Data/DIVA_DIGITAL_Proyecto Final/imagenes_descargadas/IMG_192.jpg,https://picsum.photos/400/300?random=192
POST_33,2025-06-14,IMG_33.jpg,/Users/n.arcos89/Desktop/Bootcamp_Data/DIVA_DIGITAL_Proyecto Final/imagenes_descargadas/IMG_33.jpg,https://drive.google.com/uc?id=1LKCz39Gz7jNrwMO7O__2yhTo80HcKMvS
POST_96,2025-06-16,IMG_96.jpg,/Users/n.arcos89/Desktop/Bootcamp_Data/DIVA_DIGITAL_Proyecto Final/imagenes_descargadas/IMG_96.jpg,https://picsum.photos/400/300?random=96
POST_32,2025-06-16,IMG_32.jpg,/Users/n.arcos89/Desktop/Bootcamp_Data/DIVA_DIGITAL_Proyecto Final/imagenes_descargadas/IMG_32.jpg,https://drive.google.com/uc?id=16llBS3ZBEo-1_L_O7NUpUcWjUD1GxZsK
POST_6,2025-06-20,IMG_6.jpg,/Users/n.arcos89/Desktop/Bootcamp_Data/DIVA_DIGITAL_Proyecto Final/imagenes_descargadas/IMG_6.jpg,https://drive.google.com/uc?id=1DaeHUZ4Ti4REIs4HwNFxBqP5naIN2ojp
POST_18,2025-06-20,IMG_18.jpg,/Users/n.arcos89/Desktop/Bootcamp_Data/DIVA_DIGITAL_Proyecto Final/imagenes_descargadas/IMG_18.jpg,https://drive.google.com/uc?id=1D_U5o-E5QP2MFjG5Y6aV3uYHFtN9L6eL
POST_149,2025-06-23,IMG_149.jpg,/Users/n.arcos89/Desktop/Bootcamp_Data/DIVA_DIGITAL_Proyecto Final/imagenes_descargadas/IMG_149.jpg,https://picsum.photos/400/300?random=149
POST_117,2025-06-23,IMG_117.jpg,/Users/n.arcos89/Desktop/Bootcamp_Data/DIVA_DIGITAL_Proyecto Final/imagenes_descargadas/IMG_117.jpg,https://picsum.photos/400/300?random=117
POST_15,2025-06-26,IMG_15.jpg,/Users/n.arcos89/Desktop/Bootcamp_Data/DIVA_DIGITAL_Proyecto Final/imagenes_descargadas/IMG_15.jpg,https://drive.google.com/uc?id=1iI1Lw4QD6y7EfSMV8YVhAa8kIn1jYpE1
POST_75,2025-06-27,IMG_75.jpg,/Users/n.arcos89/Desktop/Bootcamp_Data/DIVA_DIGITAL_Proyecto Final/imagenes_descargadas/IMG_75.jpg,https://picsum.photos/400/300?random=75
POST_125,2025-06-29,IMG_125.jpg,/Users/n.arcos89/Desktop/Bootcamp_Data/DIVA_DIGITAL_Proyecto Final/imagenes_descargadas/IMG_125.jpg,https://picsum.photos/400/300?random=125
POST_80,2025-06-29,IMG_80.jpg,/Users/n.arcos89/Desktop/Bootcamp_Data/DIVA_DIGITAL_Proyecto Final/imagenes_descargadas/IMG_80.jpg,https://picsum.photos/400/300?random=80
POST_16,2025-07-01,IMG_16.jpg,/Users/n.arcos89/Desktop/Bootcamp_Data/DIVA_DIGITAL_Proyecto Final/imagenes_descargadas/IMG_16.jpg,https://drive.google.com/uc?id=1hcX_hNp0G5-IbIh0x7tP1RFJo2Z21u9q
POST_57,2025-07-01,IMG_57.jpg,/Users/n.arcos89/Desktop/Bootcamp_Data/DIVA_DIGITAL_Proyecto Final/imagenes_descargadas/IMG_57.jpg,https://picsum.photos/400/300?random=57
POST_106,2025-07-04,IMG_106.jpg,/Users/n.arcos89/Desktop/Bootcamp_Data/DIVA_DIGITAL_Proyecto Final/imagenes_descargadas/IMG_106.jpg,https://picsum.photos/400/300?random=106
POST_194,2025-07-05,IMG_194.jpg,/Users/n.arcos89/Desktop/Bootcamp_Data/DIVA_DIGITAL_Proyecto Final/imagenes_descargadas/IMG_194.jpg,https://picsum.photos/400/300?random=194
POST_163,2025-07-07,IMG_163.jpg,/Users/n.arcos89/Desktop/Bootcamp_Data/DIVA_DIGITAL_Proyecto Final/imagenes_descargadas/IMG_163.jpg,https://picsum.photos/400/300?random=163
POST_82,2025-07-07,IMG_82.jpg,/Users/n.arcos89/Desktop/Bootcamp_Data/DIVA_DIGITAL_Proyecto Final/imagenes_descargadas/IMG_82.jpg,https://picsum.photos/400/300?random=82
POST_169,2025-07-09,IMG_169.jpg,/Users/n.arcos89/Desktop/Bootcamp_Data/DIVA_DIGITAL_Proyecto Final/imagenes_descargadas/IMG_169.jpg,https://picsum.photos/400/300?random=169
POST_24,2025-07-11,IMG_24.jpg,/Users/n.arcos89/Desktop/Bootcamp_Data/DIVA_DIGITAL_Proyecto Final/imagenes_descargadas/IMG_24.jpg,https://drive.google.com/uc?id=1uOOWL7o0ROmU_7fZ6pDKz4f0HQn7UVxO
POST_46,2025-07-13,IMG_46.jpg,/Users/n.arcos89/Desktop/Bootcamp_Data/DIVA_DIGITAL_Proyecto Final/imagenes_descargadas/IMG_46.jpg,https://drive.google.com/uc?id=1teby4HKkc6pBSIYm9Fy5UfOCRimqoOp2
POST_84,2025-07-13,IMG_84.jpg,/Users/n.arcos89/Desktop/Bootcamp_Data/DIVA_DIGITAL_Proyecto Final/imagenes_descargadas/IMG_84.jpg,https://picsum.photos/400/300?random=84
POST_52,2025-07-15,IMG_52.jpg,/Users/n.arcos89/Desktop/Bootcamp_Data/DIVA_DIGITAL_Proyecto Final/imagenes_descargadas/IMG_52.jpg,https://picsum.photos/400/300?random=52
POST_130,2025-07-17,IMG_130.jpg,/Users/n.arcos89/Desktop/Bootcamp_Data/DIVA_DIGITAL_Proyecto Final/imagenes_descargadas/IMG_130.jpg,https://picsum.photos/400/300?random=130
POST_21,2025-07-18,IMG_21.jpg,/Users/n.arcos89/Desktop/Bootcamp_Data/DIVA_DIGITAL_Proyecto Final/imagenes_descargadas/IMG_21.jpg,https://drive.google.com/uc?id=1qJZUhyUf0Q7Toh2D7Z2WkG5wTm0k2N8x
POST_107,2025-07-19,IMG_107.jpg,/Users/n.arcos89/Desktop/Bootcamp_Data/DIVA_DIGITAL_Proyecto Final/imagenes_descargadas/IMG_107.jpg,https://picsum.photos/400/300?random=107
POST_179,2025-07-20,IMG_179.jpg,/Users/n.arcos89/Desktop/Bootcamp_Data/DIVA_DIGITAL_Proyecto Final/imagenes_descargadas/IMG_179.jpg,https://picsum.photos/400/300?random=179
POST_29,2025-07-23,IMG_29.jpg,/Users/n.arcos89/Desktop/Bootcamp_Data/DIVA_DIGITAL_Proyecto Final/imagenes_descargadas/IMG_29.jpg,https://drive.google.com/uc?id=1yN3nsHDrO8UlgFTmraW54I4TEnmkZt5w
POST_150,2025-07-23,IMG_150.jpg,/Users/n.arcos89/Desktop/Bootcamp_Data/DIVA_DIGITAL_Proyecto Final/imagenes_descargadas/IMG_150.jpg,https://picsum.photos/400/300?random=150
POST_88,2025-07-26,IMG_88.jpg,/Users/n.arcos89/Desktop/Bootcamp_Data/DIVA_DIGITAL_Proyecto Final/imagenes_descargadas/IMG_88.jpg,https://picsum.photos/400/300?random=88
POST_164,2025-07-26,IMG_164.jpg,/Users/n.arcos89/Desktop/Bootcamp_Data/DIVA_DIGITAL_Proyecto Final/imagenes_descargadas/IMG_164.jpg,https://picsum.photos/400/300?random=164
POST_74,2025-07-28,IMG_74.jpg,/Users/n.arcos89/Desktop/Bootcamp_Data/DIVA_DIGITAL_Proyecto Final/imagenes_descargadas/IMG_74.jpg,https://picsum.photos/400/300?random=74
POST_93,2025-07-29,IMG_93.jpg,/Users/n.arcos89/Desktop/Bootcamp_Data/DIVA_DIGITAL_Proyecto Final/imagenes_descargadas/IMG_93.jpg,https://picsum.photos/400/300?random=93
POST_189,2025-07-31,IMG_189.jpg,/Users/n.arcos89/Desktop/Bootcamp_Data/DIVA_DIGITAL_Proyecto Final/imagenes_descargadas/IMG_189.jpg,https://picsum.photos/400/300?random=189
POST_153,2025-08-01,IMG_153.jpg,/Users/n.arcos89/Desktop/Bootcamp_Data/DIVA_DIGITAL_Proyecto Final/imagenes_descargadas/IMG_153.jpg,https://picsum.photos/400/300?random=153
